<list><string>__overwrite_all__</string><map><string name='groupid'>CMCC</string><string name='intlroam_prefix'>**139*86</string><string name='mccmnc'>46000</string></map><map><string name='groupid'>CU</string><string name='intlroam_prefix'>**100*86</string><string name='mccmnc'>46001</string></map><map><string name='groupid'>CMCC</string><string name='intlroam_prefix'>**139*86</string><string name='mccmnc'>46002</string></map><map><string name='groupid'>CT</string><string name='intlroam_prefix'>**133*86</string><string name='mccmnc'>46003</string></map><map><string name='groupid'>CU</string><string name='intlroam_prefix'>**100*86</string><string name='mccmnc'>46006</string></map><map><string name='groupid'>CMCC</string><string name='intlroam_prefix'>**139*86</string><string name='mccmnc'>46007</string></map><map><string name='groupid'>CT</string><string name='intlroam_prefix'>**133*86</string><string name='mccmnc'>46012</string></map><map><string name='groupid'>CT</string><string name='intlroam_prefix'>**133*86</string><string name='mccmnc'>46013</string></map><string>__overwrite_all__</string><map><string name='groupid'>CMCC</string><string name='intlroam_prefix'>**139*86</string><string name='mccmnc'>46000</string></map><map><string name='groupid'>CU</string><string name='intlroam_prefix'>**100*86</string><string name='mccmnc'>46001</string></map><map><string name='groupid'>CMCC</string><string name='intlroam_prefix'>**139*86</string><string name='mccmnc'>46002</string></map><map><string name='groupid'>CT</string><string name='intlroam_prefix'>**133*86</string><string name='mccmnc'>46003</string></map><map><string name='groupid'>CU</string><string name='intlroam_prefix'>**100*86</string><string name='mccmnc'>46006</string></map><map><string name='groupid'>CMCC</string><string name='intlroam_prefix'>**139*86</string><string name='mccmnc'>46007</string></map><map><string name='groupid'>CT</string><string name='intlroam_prefix'>**133*86</string><string name='mccmnc'>46012</string></map><map><string name='groupid'>CT</string><string name='intlroam_prefix'>**133*86</string><string name='mccmnc'>46013</string></map></list>