<list><map><string name='im_provider'>AIM</string><string name='im_data_channel'/><string name='im_proxy_addr'/><int name='im_gomobile'/><int name='im_secure_login'/><string name='im_cir_channel'/><string name='im_xml_version'/><string name='im_private_key'/><string name='im_host'/><string name='im_private_key2'/><string name='im_client_id'/><int name='im_use_mobile_network'/><string name='im_encoding'/><int name='im_proxy_port'/></map><map><string name='im_provider'>Windows Live Messenger</string><string name='im_data_channel'/><string name='im_proxy_addr'/><int name='im_gomobile'/><int name='im_secure_login'/><string name='im_cir_channel'/><string name='im_xml_version'/><string name='im_private_key'/><string name='im_host'/><string name='im_private_key2'/><string name='im_client_id'/><int name='im_use_mobile_network'/><string name='im_encoding'/><int name='im_proxy_port'/></map><map><string name='im_provider'>Yahoo</string><string name='im_data_channel'/><string name='im_proxy_addr'/><int name='im_gomobile'/><int name='im_secure_login'/><string name='im_cir_channel'/><string name='im_xml_version'/><string name='im_private_key'/><string name='im_host'/><string name='im_private_key2'/><string name='im_client_id'/><int name='im_use_mobile_network'/><string name='im_encoding'/><int name='im_proxy_port'/></map><map><string name='im_provider'>AIM</string><string name='im_data_channel'/><string name='im_proxy_addr'/><int name='im_gomobile'/><int name='im_secure_login'/><string name='im_cir_channel'/><string name='im_xml_version'/><string name='im_private_key'/><string name='im_host'/><string name='im_private_key2'/><string name='im_client_id'/><int name='im_use_mobile_network'/><string name='im_encoding'/><int name='im_proxy_port'/></map><map><string name='im_provider'>Windows Live Messenger</string><string name='im_data_channel'/><string name='im_proxy_addr'/><int name='im_gomobile'/><int name='im_secure_login'/><string name='im_cir_channel'/><string name='im_xml_version'/><string name='im_private_key'/><string name='im_host'/><string name='im_private_key2'/><string name='im_client_id'/><int name='im_use_mobile_network'/><string name='im_encoding'/><int name='im_proxy_port'/></map><map><string name='im_provider'>Yahoo</string><string name='im_data_channel'/><string name='im_proxy_addr'/><int name='im_gomobile'/><int name='im_secure_login'/><string name='im_cir_channel'/><string name='im_xml_version'/><string name='im_private_key'/><string name='im_host'/><string name='im_private_key2'/><string name='im_client_id'/><int name='im_use_mobile_network'/><string name='im_encoding'/><int name='im_proxy_port'/></map></list>